MedB,MedT,MinB,MinT,MaxB,MaxT,MeanB,MeanT,Target,MeanB-T,MeanT-T,MeanB(cali),MeanT(cali)
45,47,43,44,46,47,44,45,20,24,25,21.69659443,17.83126935
45,47,43,44,46,47,44,45,20,24,25,21.69659443,17.83126935
45,45,43,44,46,47,44,45,20,24,25,21.69659443,17.83126935
45,45,43,44,46,47,44,45,20,24,25,21.69659443,17.83126935
45,45,43,44,46,47,44,45,20,24,25,21.69659443,17.83126935
45,45,42,44,46,47,44,45,20,24,25,21.69659443,17.83126935
45,45,42,44,46,47,44,45,20,24,25,21.69659443,17.83126935
44,45,42,44,46,47,43,45,20,23,25,20.69659443,17.83126935
43,46,42,45,46,47,43,45,20,23,25,20.69659443,17.83126935
43,46,42,45,46,47,43,46,20,23,26,20.69659443,18.83126935
43,47,42,45,47,47,44,46,20,24,26,21.69659443,18.83126935
43,46,42,45,47,47,43,46,20,23,26,20.69659443,18.83126935
43,46,43,45,47,47,44,46,20,24,26,21.69659443,18.83126935
43,46,43,45,47,47,44,46,20,24,26,21.69659443,18.83126935
44,46,43,45,47,47,44,46,20,24,26,21.69659443,18.83126935
44,45,43,45,46,47,44,45,20,24,25,21.69659443,17.83126935
45,46,43,45,46,47,44,45,20,24,25,21.69659443,17.83126935
45,45,43,45,46,47,44,45,20,24,25,21.69659443,17.83126935
45,45,43,45,46,47,44,45,20,24,25,21.69659443,17.83126935
45,45,43,45,46,46,44,45,20,24,25,21.69659443,17.83126935
44,45,43,45,45,48,44,45,20,24,25,21.69659443,17.83126935
44,45,42,45,45,48,43,45,20,23,25,20.69659443,17.83126935
44,45,42,45,46,48,43,45,20,23,25,20.69659443,17.83126935
44,45,42,45,46,48,44,45,20,24,25,21.69659443,17.83126935
44,46,42,45,46,48,44,46,20,24,26,21.69659443,18.83126935
44,46,42,45,46,48,44,46,20,24,26,21.69659443,18.83126935
44,46,44,45,46,48,44,46,20,24,26,21.69659443,18.83126935
44,46,41,45,44,48,43,46,20,23,26,20.69659443,18.83126935
44,46,41,44,44,48,43,46,20,23,26,20.69659443,18.83126935
44,46,41,44,49,47,44,45,20,24,25,21.69659443,17.83126935
44,46,41,44,49,46,44,45,20,24,25,21.69659443,17.83126935
44,45,41,44,49,46,44,45,20,24,25,21.69659443,17.83126935
44,45,44,44,49,46,45,45,20,25,25,22.69659443,17.83126935
44,45,43,45,49,46,45,45,20,25,25,22.69659443,17.83126935
44,46,43,45,47,47,44,45,20,24,25,21.69659443,17.83126935
45,45,43,45,47,47,44,45,20,24,25,21.69659443,17.83126935
45,46,43,45,47,49,44,46,20,24,26,21.69659443,18.83126935
45,46,43,45,47,49,45,46,20,25,26,22.69659443,18.83126935
45,47,42,45,47,49,44,46,20,24,26,21.69659443,18.83126935
45,45,42,45,45,49,43,46,20,23,26,20.69659443,18.83126935
44,47,42,45,45,49,43,46,20,23,26,20.69659443,18.83126935
44,47,42,45,45,47,43,46,20,23,26,20.69659443,18.83126935
44,47,42,45,45,47,43,46,20,23,26,20.69659443,18.83126935
44,46,42,45,45,47,44,46,20,24,26,21.69659443,18.83126935
45,46,44,46,45,47,44,46,20,24,26,21.69659443,18.83126935
45,46,40,45,45,47,43,46,20,23,26,20.69659443,18.83126935
45,46,40,45,45,47,43,46,20,23,26,20.69659443,18.83126935
45,46,40,45,45,48,43,46,20,23,26,20.69659443,18.83126935
45,46,40,45,45,48,43,46,20,23,26,20.69659443,18.83126935
43,47,40,45,45,48,43,46,20,23,26,20.69659443,18.83126935
45,48,42,45,46,48,44,47,20,24,27,21.69659443,19.83126935
45,48,42,45,46,48,44,47,20,24,27,21.69659443,19.83126935
45,47,42,45,47,48,44,47,20,24,27,21.69659443,19.83126935
45,48,42,47,47,48,44,47,20,24,27,21.69659443,19.83126935
46,47,42,47,47,48,45,47,20,25,27,22.69659443,19.83126935
45,47,41,45,47,48,44,46,20,24,26,21.69659443,18.83126935
45,47,41,43,47,48,45,46,20,25,26,22.69659443,18.83126935
45,47,41,43,47,48,44,46,20,24,26,21.69659443,18.83126935
45,45,41,43,47,47,44,45,20,24,25,21.69659443,17.83126935
45,45,41,43,46,47,44,45,20,24,25,21.69659443,17.83126935
45,45,43,43,46,48,44,45,20,24,25,21.69659443,17.83126935
45,47,43,45,46,51,45,47,25,20,22,22.69659443,19.83126935
45,48,43,45,46,53,44,48,25,19,23,21.69659443,20.83126935
45,51,43,45,47,53,45,49,25,20,24,22.69659443,21.83126935
45,52,43,48,47,53,45,51,25,20,26,22.69659443,23.83126935
46,52,45,51,47,53,45,51,25,20,26,22.69659443,23.83126935
46,52,45,50,47,53,46,51,25,21,26,23.69659443,23.83126935
46,51,45,50,47,52,46,51,25,21,26,23.69659443,23.83126935
46,51,45,50,48,52,46,50,25,21,25,23.69659443,22.83126935
46,51,46,50,48,51,46,50,25,21,25,23.69659443,22.83126935
47,51,46,50,48,52,46,50,25,21,25,23.69659443,22.83126935
47,51,46,50,48,54,46,51,25,21,26,23.69659443,23.83126935
47,51,45,51,48,54,46,51,25,21,26,23.69659443,23.83126935
46,52,45,51,47,54,46,52,25,21,27,23.69659443,24.83126935
46,53,45,51,47,54,46,52,25,21,27,23.69659443,24.83126935
46,53,45,51,50,55,46,53,25,21,28,23.69659443,25.83126935
45,53,44,51,50,55,46,52,25,21,27,23.69659443,24.83126935
45,53,44,52,50,55,45,53,25,20,28,22.69659443,25.83126935
46,52,44,51,50,55,46,52,25,21,27,23.69659443,24.83126935
46,52,44,51,50,55,46,53,25,21,28,23.69659443,25.83126935
46,52,44,51,49,55,45,53,25,20,28,22.69659443,25.83126935
46,53,44,51,49,55,46,53,25,21,28,23.69659443,25.83126935
46,53,45,51,49,55,46,53,25,21,28,23.69659443,25.83126935
45,53,45,53,46,55,45,53,25,20,28,22.69659443,25.83126935
45,53,45,52,47,55,45,53,25,20,28,22.69659443,25.83126935
45,53,45,52,49,53,46,52,25,21,27,23.69659443,24.83126935
47,53,45,52,49,53,46,52,25,21,27,23.69659443,24.83126935
47,53,45,52,49,53,46,52,25,21,27,23.69659443,24.83126935
47,53,45,52,49,53,47,52,25,22,27,24.69659443,24.83126935
47,53,45,53,49,53,46,53,25,21,28,23.69659443,25.83126935
47,53,45,51,47,53,46,52,25,21,27,23.69659443,24.83126935
46,53,45,51,47,53,46,52,25,21,27,23.69659443,24.83126935
46,52,45,51,47,53,46,52,25,21,27,23.69659443,24.83126935
46,52,45,51,47,53,46,52,25,21,27,23.69659443,24.83126935
46,52,45,51,47,52,46,51,25,21,26,23.69659443,23.83126935
46,52,45,51,48,53,46,52,25,21,27,23.69659443,24.83126935
46,52,45,51,48,53,46,52,25,21,27,23.69659443,24.83126935
47,52,46,51,48,53,46,52,25,21,27,23.69659443,24.83126935
47,52,45,51,48,53,46,52,25,21,27,23.69659443,24.83126935
47,53,45,52,48,54,46,52,25,21,27,23.69659443,24.83126935
47,52,45,52,48,54,46,52,25,21,27,23.69659443,24.83126935
47,52,45,52,48,54,47,52,25,22,27,24.69659443,24.83126935
47,52,45,51,48,54,46,52,25,21,27,23.69659443,24.83126935
47,52,45,51,48,54,47,52,25,22,27,24.69659443,24.83126935
47,52,45,51,48,53,46,52,25,21,27,23.69659443,24.83126935
46,53,45,51,48,53,46,52,25,21,27,23.69659443,24.83126935
45,53,45,51,47,55,45,53,25,20,28,22.69659443,25.83126935
45,53,44,53,47,55,45,53,25,20,28,22.69659443,25.83126935
45,53,44,53,48,55,45,53,25,20,28,22.69659443,25.83126935
45,53,44,51,48,55,45,53,25,20,28,22.69659443,25.83126935
46,53,44,51,48,55,45,52,25,20,27,22.69659443,24.83126935
46,53,44,51,49,53,46,52,25,21,27,23.69659443,24.83126935
47,52,46,50,49,53,47,51,25,22,26,24.69659443,23.83126935
47,52,46,50,49,54,47,52,25,22,27,24.69659443,24.83126935
47,53,46,50,49,54,47,52,25,22,27,24.69659443,24.83126935
47,53,47,50,49,54,47,52,25,22,27,24.69659443,24.83126935
47,53,46,50,48,54,47,52,25,22,27,24.69659443,24.83126935
47,53,45,52,48,54,46,53,25,21,28,23.69659443,25.83126935
46,53,45,52,48,54,46,53,25,21,28,23.69659443,25.83126935
46,53,45,52,48,54,46,53,25,21,28,23.69659443,25.83126935
45,53,45,53,46,54,45,53,25,20,28,22.69659443,25.83126935
45,53,45,52,46,54,45,53,25,20,28,22.69659443,25.83126935
46,53,45,52,46,55,45,53,25,20,28,22.69659443,25.83126935
46,53,45,52,49,55,46,53,25,21,28,23.69659443,25.83126935
46,53,45,52,49,55,46,53,25,21,28,23.69659443,25.83126935
47,54,46,52,49,55,47,53,25,22,28,24.69659443,25.83126935
47,55,46,52,53,58,48,54,30,18,24,25.69659443,26.83126935
49,55,47,52,53,60,49,55,30,19,25,26.69659443,27.83126935
52,58,47,54,53,60,50,57,30,20,27,27.69659443,29.83126935
53,59,47,55,53,60,51,58,30,21,28,28.69659443,30.83126935
53,59,52,58,53,60,52,59,30,22,29,29.69659443,31.83126935
53,60,52,58,53,60,52,59,30,22,29,29.69659443,31.83126935
52,59,52,58,53,60,52,59,30,22,29,29.69659443,31.83126935
53,60,52,58,53,60,52,59,30,22,29,29.69659443,31.83126935
53,60,52,58,54,62,52,59,30,22,29,29.69659443,31.83126935
53,60,52,59,54,62,53,60,30,23,30,30.69659443,32.83126935
54,61,52,59,54,62,53,60,30,23,30,30.69659443,32.83126935
54,61,52,60,54,62,53,61,30,23,31,30.69659443,33.83126935
54,61,51,60,54,62,53,61,30,23,31,30.69659443,33.83126935
52,61,51,60,54,61,52,60,30,22,30,29.69659443,32.83126935
52,60,51,60,54,61,52,60,30,22,30,29.69659443,32.83126935
52,60,51,59,53,61,52,60,30,22,30,29.69659443,32.83126935
52,60,51,59,53,60,52,59,30,22,29,29.69659443,31.83126935
53,60,52,59,53,60,52,59,30,22,29,29.69659443,31.83126935
53,60,52,58,53,60,52,59,30,22,29,29.69659443,31.83126935
53,60,52,58,53,63,52,60,30,22,30,29.69659443,32.83126935
53,60,52,58,53,63,52,60,30,22,30,29.69659443,32.83126935
53,60,52,58,54,63,52,60,30,22,30,29.69659443,32.83126935
52,60,51,58,54,63,52,60,30,22,30,29.69659443,32.83126935
52,60,51,59,54,63,52,60,30,22,30,29.69659443,32.83126935
52,60,51,59,54,61,52,60,30,22,30,29.69659443,32.83126935
52,60,51,58,54,60,52,59,30,22,29,29.69659443,31.83126935
52,60,51,58,54,61,52,59,30,22,29,29.69659443,31.83126935
53,60,51,58,54,61,52,59,30,22,29,29.69659443,31.83126935
53,60,51,58,55,61,53,59,30,23,29,30.69659443,31.83126935
53,60,51,58,55,61,53,59,30,23,29,30.69659443,31.83126935
54,60,53,58,55,61,53,59,30,23,29,30.69659443,31.83126935
54,58,53,58,55,60,54,58,30,24,28,31.69659443,30.83126935
54,58,53,57,55,60,54,58,30,24,28,31.69659443,30.83126935
53,58,51,57,55,60,53,58,30,23,28,30.69659443,30.83126935
53,58,51,57,55,60,53,58,30,23,28,30.69659443,30.83126935
52,58,51,57,55,60,52,58,30,22,28,29.69659443,30.83126935
52,59,51,57,53,60,52,58,30,22,28,29.69659443,30.83126935
52,59,51,58,55,61,52,59,30,22,29,29.69659443,31.83126935
52,59,52,57,55,61,52,59,30,22,29,29.69659443,31.83126935
53,59,52,57,55,61,53,59,30,23,29,30.69659443,31.83126935
53,60,52,57,55,61,53,59,30,23,29,30.69659443,31.83126935
53,60,53,57,55,61,53,59,30,23,29,30.69659443,31.83126935
53,60,52,57,54,61,53,59,30,23,29,30.69659443,31.83126935
53,60,52,59,54,61,53,60,30,23,30,30.69659443,32.83126935
53,60,51,58,54,61,52,59,30,22,29,29.69659443,31.83126935
52,60,51,58,54,60,52,59,30,22,29,29.69659443,31.83126935
52,59,51,58,55,60,52,59,30,22,29,29.69659443,31.83126935
53,60,51,58,55,60,52,59,30,22,29,29.69659443,31.83126935
53,59,51,58,55,60,52,59,30,22,29,29.69659443,31.83126935
53,60,51,58,55,61,53,59,30,23,29,30.69659443,31.83126935
53,60,53,58,55,61,53,59,30,23,29,30.69659443,31.83126935
53,60,53,58,53,61,53,59,30,23,29,30.69659443,31.83126935
53,59,53,58,53,61,53,59,30,23,29,30.69659443,31.83126935
53,58,50,58,53,61,52,59,30,22,29,29.69659443,31.83126935
53,58,50,58,53,60,51,58,30,21,28,28.69659443,30.83126935
53,58,50,58,54,59,52,58,30,22,28,29.69659443,30.83126935
52,58,50,58,54,59,51,58,30,21,28,28.69659443,30.83126935
52,59,50,58,54,59,52,58,30,22,28,29.69659443,30.83126935
54,59,50,58,54,59,52,58,30,22,28,29.69659443,30.83126935
54,59,52,58,54,59,53,58,30,23,28,30.69659443,30.83126935
53,59,51,58,54,59,52,58,30,22,28,29.69659443,30.83126935
53,59,50,58,54,59,52,58,30,22,28,29.69659443,30.83126935
52,58,50,58,54,59,52,58,30,22,28,29.69659443,30.83126935
52,58,50,58,53,59,51,58,30,21,28,28.69659443,30.83126935
51,58,50,58,52,60,51,58,30,21,28,28.69659443,30.83126935
52,59,50,58,62,62,53,59,35,18,24,30.69659443,31.83126935
52,60,50,58,62,62,55,59,35,20,24,32.69659443,31.83126935
57,61,50,58,62,63,56,60,35,21,25,33.69659443,32.83126935
58,62,50,60,62,63,57,61,35,22,26,34.69659443,33.83126935
58,62,57,61,62,63,58,62,35,23,27,35.69659443,34.83126935
58,62,57,61,60,63,58,62,35,23,27,35.69659443,34.83126935
58,62,57,61,60,63,58,62,35,23,27,35.69659443,34.83126935
58,62,58,61,60,62,58,61,35,23,26,35.69659443,33.83126935
58,62,58,61,60,63,58,62,35,23,27,35.69659443,34.83126935
59,62,58,61,61,63,59,61,35,24,26,36.69659443,33.83126935
59,62,58,61,62,63,59,61,35,24,26,36.69659443,33.83126935
59,62,58,61,62,63,59,62,35,24,27,36.69659443,34.83126935
59,63,58,61,62,63,59,62,35,24,27,36.69659443,34.83126935
60,63,58,61,62,64,60,62,35,25,27,37.69659443,34.83126935
59,63,58,62,62,64,59,63,35,24,28,36.69659443,35.83126935
59,63,58,62,60,64,58,63,35,23,28,35.69659443,35.83126935
58,63,58,62,60,64,58,62,35,23,27,35.69659443,34.83126935
58,63,57,62,60,64,58,62,35,23,27,35.69659443,34.83126935
58,62,57,61,60,63,58,62,35,23,27,35.69659443,34.83126935
58,62,57,61,60,63,58,62,35,23,27,35.69659443,34.83126935
58,62,57,61,60,63,58,62,35,23,27,35.69659443,34.83126935
57,63,57,61,60,63,58,62,35,23,27,35.69659443,34.83126935
59,63,57,61,60,63,58,62,35,23,27,35.69659443,34.83126935
59,63,57,62,60,63,58,62,35,23,27,35.69659443,34.83126935
59,63,57,62,60,63,59,62,35,24,27,36.69659443,34.83126935
60,63,57,62,60,64,59,62,35,24,27,36.69659443,34.83126935
60,62,58,62,60,64,59,62,35,24,27,36.69659443,34.83126935
59,62,58,62,60,64,59,62,35,24,27,36.69659443,34.83126935
59,63,58,62,60,64,59,62,35,24,27,36.69659443,34.83126935
59,63,58,61,60,64,59,62,35,24,27,36.69659443,34.83126935
59,62,58,61,60,63,58,62,35,23,27,35.69659443,34.83126935
59,61,57,61,60,63,58,61,35,23,26,35.69659443,33.83126935
58,61,57,61,60,63,58,61,35,23,26,35.69659443,33.83126935
58,61,57,61,61,63,58,61,35,23,26,35.69659443,33.83126935
58,63,57,61,61,64,58,62,35,23,27,35.69659443,34.83126935
57,63,57,61,61,64,58,63,35,23,28,35.69659443,35.83126935
57,63,57,61,61,64,58,63,35,23,28,35.69659443,35.83126935
59,63,57,61,61,64,58,63,35,23,28,35.69659443,35.83126935
59,63,57,61,60,64,58,63,35,23,28,35.69659443,35.83126935
59,63,57,61,59,64,58,62,35,23,27,35.69659443,34.83126935
59,63,57,61,59,64,58,62,35,23,27,35.69659443,34.83126935
59,63,57,62,63,64,59,63,35,24,28,36.69659443,35.83126935
59,63,57,62,63,64,59,63,35,24,28,36.69659443,35.83126935
59,64,57,62,63,64,59,63,35,24,28,36.69659443,35.83126935
59,64,57,63,63,64,59,63,35,24,28,36.69659443,35.83126935
59,63,58,63,63,64,59,63,35,24,28,36.69659443,35.83126935
59,63,58,60,61,64,59,62,35,24,27,36.69659443,34.83126935
59,63,58,60,61,64,59,62,35,24,27,36.69659443,34.83126935
59,63,58,60,61,64,59,62,35,24,27,36.69659443,34.83126935
58,63,58,60,60,64,58,62,35,23,27,35.69659443,34.83126935
58,63,58,60,60,64,58,62,35,23,27,35.69659443,34.83126935
58,63,58,61,60,64,58,63,35,23,28,35.69659443,35.83126935
58,63,58,61,60,64,58,63,35,23,28,35.69659443,35.83126935
58,63,58,61,61,64,59,62,35,24,27,36.69659443,34.83126935
60,63,58,62,61,64,59,63,35,24,28,36.69659443,35.83126935
60,63,58,62,61,64,59,63,35,24,28,36.69659443,35.83126935
60,63,58,62,61,64,59,63,35,24,28,36.69659443,35.83126935
60,63,58,62,61,63,60,62,35,25,27,37.69659443,34.83126935
60,63,58,63,61,63,59,63,35,24,28,36.69659443,35.83126935
58,63,58,60,60,63,58,62,35,23,27,35.69659443,34.83126935
58,63,57,60,60,63,58,62,35,23,27,35.69659443,34.83126935
58,63,57,60,60,64,58,62,35,23,27,35.69659443,34.83126935
58,63,57,60,60,64,58,62,35,23,27,35.69659443,34.83126935
59,62,57,60,60,64,58,62,35,23,27,35.69659443,34.83126935
59,62,56,61,60,64,58,62,35,23,27,35.69659443,34.83126935
60,62,56,61,65,66,60,63,40,20,23,37.69659443,35.83126935
60,62,56,61,65,66,60,63,40,20,23,37.69659443,35.83126935
63,65,56,61,65,68,61,64,40,21,24,38.69659443,36.83126935
63,66,56,61,65,69,62,65,40,22,25,39.69659443,37.83126935
64,68,62,65,65,69,63,67,40,23,27,40.69659443,39.83126935
64,68,62,65,65,69,63,67,40,23,27,40.69659443,39.83126935
65,68,62,67,65,69,64,68,40,24,28,41.69659443,40.83126935
64,68,62,67,65,69,63,68,40,23,28,40.69659443,40.83126935
64,67,62,66,65,69,63,67,40,23,27,40.69659443,39.83126935
65,67,62,66,66,68,64,67,40,24,27,41.69659443,39.83126935
64,67,62,66,66,68,64,67,40,24,27,41.69659443,39.83126935
63,67,62,66,66,68,63,67,40,23,27,40.69659443,39.83126935
63,67,62,66,66,68,63,67,40,23,27,40.69659443,39.83126935
63,67,62,67,66,68,63,67,40,23,27,40.69659443,39.83126935
63,67,62,67,64,69,62,67,40,22,27,39.69659443,39.83126935
63,67,62,66,65,69,63,67,40,23,27,40.69659443,39.83126935
63,67,62,66,65,69,63,67,40,23,27,40.69659443,39.83126935
63,67,62,66,65,69,63,67,40,23,27,40.69659443,39.83126935
63,67,62,66,66,69,63,67,40,23,27,40.69659443,39.83126935
63,67,60,65,66,68,63,66,40,23,26,40.69659443,38.83126935
63,67,60,65,66,68,63,66,40,23,26,40.69659443,38.83126935
65,67,60,65,66,68,63,66,40,23,26,40.69659443,38.83126935
65,67,60,65,66,68,64,66,40,24,26,41.69659443,38.83126935
65,67,60,65,66,68,64,66,40,24,26,41.69659443,38.83126935
65,67,65,67,66,68,65,67,40,25,27,42.69659443,39.83126935
66,67,65,67,67,68,65,67,40,25,27,42.69659443,39.83126935
66,67,65,67,67,68,65,67,40,25,27,42.69659443,39.83126935
66,67,65,67,67,68,65,67,40,25,27,42.69659443,39.83126935
65,67,65,67,67,68,65,67,40,25,27,42.69659443,39.83126935
65,67,65,66,67,68,65,67,40,25,27,42.69659443,39.83126935
65,67,64,66,65,68,64,67,40,24,27,41.69659443,39.83126935
65,67,62,66,65,68,64,66,40,24,26,41.69659443,38.83126935
64,67,62,66,65,68,64,66,40,24,26,41.69659443,38.83126935
64,66,62,66,66,68,64,66,40,24,26,41.69659443,38.83126935
64,67,62,66,66,68,64,66,40,24,26,41.69659443,38.83126935
64,67,61,66,66,68,63,67,40,23,27,40.69659443,39.83126935
65,67,61,65,66,68,64,66,40,24,26,41.69659443,38.83126935
65,67,61,65,66,68,64,66,40,24,26,41.69659443,38.83126935
63,67,61,65,65,68,63,67,40,23,27,40.69659443,39.83126935
63,68,61,65,66,68,63,67,40,23,27,40.69659443,39.83126935
65,68,63,65,66,68,64,67,40,24,27,41.69659443,39.83126935
65,68,63,67,66,68,64,67,40,24,27,41.69659443,39.83126935
66,67,63,66,66,68,65,67,40,25,27,42.69659443,39.83126935
66,68,63,66,66,68,65,67,40,25,27,42.69659443,39.83126935
65,68,63,66,66,69,65,67,40,25,27,42.69659443,39.83126935
65,68,63,66,66,69,64,67,40,24,27,41.69659443,39.83126935
63,68,62,66,66,70,63,68,40,23,28,40.69659443,40.83126935
63,68,62,68,65,70,63,68,40,23,28,40.69659443,40.83126935
64,68,62,67,65,70,63,68,40,23,28,40.69659443,40.83126935
64,68,62,64,64,70,63,67,40,23,27,40.69659443,39.83126935
64,67,61,64,64,70,63,66,40,23,26,40.69659443,38.83126935
64,66,61,64,64,68,63,66,40,23,26,40.69659443,38.83126935
64,66,61,64,64,67,63,65,40,23,25,40.69659443,37.83126935
64,66,61,64,66,71,63,66,40,23,26,40.69659443,38.83126935
64,66,61,65,66,71,63,66,40,23,26,40.69659443,38.83126935
65,66,62,65,66,71,64,67,40,24,27,41.69659443,39.83126935
65,67,63,65,66,71,64,67,40,24,27,41.69659443,39.83126935
65,67,63,65,66,71,64,67,40,24,27,41.69659443,39.83126935
64,67,63,65,65,68,64,66,40,24,26,41.69659443,38.83126935
63,67,63,65,65,68,63,66,40,23,26,40.69659443,38.83126935
63,67,63,65,67,68,64,66,40,24,26,41.69659443,38.83126935
64,67,63,65,67,67,64,66,40,24,26,41.69659443,38.83126935
63,67,62,65,67,69,64,66,40,24,26,41.69659443,38.83126935
65,67,62,66,67,69,64,67,40,24,27,41.69659443,39.83126935
65,66,61,66,67,69,64,66,40,24,26,41.69659443,38.83126935
65,66,61,66,66,72,63,67,45,18,22,40.69659443,39.83126935
65,69,61,66,70,72,64,68,45,19,23,41.69659443,40.83126935
66,71,61,66,70,72,66,69,45,21,24,43.69659443,41.83126935
67,71,61,66,70,75,66,71,45,21,26,43.69659443,43.83126935
67,72,66,71,70,75,68,72,45,23,27,45.69659443,44.83126935
69,72,67,71,70,75,68,72,45,23,27,45.69659443,44.83126935
67,72,66,71,70,75,67,72,45,22,27,44.69659443,44.83126935
67,73,66,71,69,75,67,72,45,22,27,44.69659443,44.83126935
66,72,66,71,69,73,66,72,45,21,27,43.69659443,44.83126935
66,72,66,71,69,73,67,71,45,22,26,44.69659443,43.83126935
66,72,66,71,69,73,67,71,45,22,26,44.69659443,43.83126935
66,72,66,71,69,75,67,72,45,22,27,44.69659443,44.83126935
68,72,66,71,69,75,67,72,45,22,27,44.69659443,44.83126935
68,72,66,71,69,75,67,72,45,22,27,44.69659443,44.83126935
68,72,66,72,69,75,67,72,45,22,27,44.69659443,44.83126935
68,72,66,71,68,75,67,72,45,22,27,44.69659443,44.83126935
68,72,68,71,69,74,68,72,45,23,27,45.69659443,44.83126935
68,72,68,71,69,74,68,72,45,23,27,45.69659443,44.83126935
68,72,68,71,69,74,68,72,45,23,27,45.69659443,44.83126935
68,73,68,71,69,74,68,72,45,23,27,45.69659443,44.83126935
68,73,67,72,69,74,68,73,45,23,28,45.69659443,45.83126935
68,73,67,72,69,74,67,72,45,22,27,44.69659443,44.83126935
68,73,67,72,69,74,67,72,45,22,27,44.69659443,44.83126935
67,73,67,72,69,74,67,73,45,22,28,44.69659443,45.83126935
67,73,66,72,68,74,67,73,45,22,28,44.69659443,45.83126935
67,73,66,73,68,74,67,73,45,22,28,44.69659443,45.83126935
67,73,66,72,68,74,67,73,45,22,28,44.69659443,45.83126935
67,73,66,72,68,74,67,72,45,22,27,44.69659443,44.83126935
67,73,66,72,68,74,67,72,45,22,27,44.69659443,44.83126935
67,73,67,72,68,73,67,72,45,22,27,44.69659443,44.83126935
67,72,67,72,68,73,67,72,45,22,27,44.69659443,44.83126935
67,73,66,72,68,75,67,73,45,22,28,44.69659443,45.83126935
67,73,66,72,68,75,67,73,45,22,28,44.69659443,45.83126935
67,72,66,72,68,75,66,72,45,21,27,43.69659443,44.83126935
66,72,65,72,68,75,66,73,45,21,28,43.69659443,45.83126935
66,72,65,72,67,75,66,73,45,21,28,43.69659443,45.83126935
67,72,65,72,68,74,66,72,45,21,27,43.69659443,44.83126935
66,73,65,72,68,74,66,72,45,21,27,43.69659443,44.83126935
67,73,65,72,70,74,67,73,45,22,28,44.69659443,45.83126935
68,73,66,72,70,73,68,72,45,23,27,45.69659443,44.83126935
68,73,66,72,70,73,68,72,45,23,27,45.69659443,44.83126935
69,73,66,71,70,73,68,72,45,23,27,45.69659443,44.83126935
69,72,67,71,70,73,69,72,45,24,27,46.69659443,44.83126935
69,72,67,71,70,74,68,72,45,23,27,45.69659443,44.83126935
69,72,66,71,70,74,68,72,45,23,27,45.69659443,44.83126935
69,71,66,71,70,74,68,71,45,23,26,45.69659443,43.83126935
68,72,66,71,69,74,67,72,45,22,27,44.69659443,44.83126935
68,72,66,71,69,74,67,72,45,22,27,44.69659443,44.83126935
67,72,66,71,69,72,67,71,45,22,26,44.69659443,43.83126935
67,72,67,71,69,74,67,72,45,22,27,44.69659443,44.83126935
67,72,67,72,69,74,67,72,45,22,27,44.69659443,44.83126935
67,72,67,72,69,74,67,72,45,22,27,44.69659443,44.83126935
67,72,67,72,69,74,67,72,45,22,27,44.69659443,44.83126935
67,73,67,72,69,75,67,73,45,22,28,44.69659443,45.83126935
68,72,67,71,69,75,67,72,45,22,27,44.69659443,44.83126935
68,72,67,71,69,75,68,72,45,23,27,45.69659443,44.83126935
68,72,68,71,69,75,68,72,45,23,27,45.69659443,44.83126935
68,73,67,71,69,75,68,72,45,23,27,45.69659443,44.83126935
68,73,67,71,69,73,68,72,45,23,27,45.69659443,44.83126935
68,73,66,72,69,73,67,72,45,22,27,44.69659443,44.83126935
67,73,66,72,69,73,67,72,45,22,27,44.69659443,44.83126935
67,73,66,72,69,75,67,73,45,22,28,44.69659443,45.83126935
67,73,66,72,69,75,67,73,45,22,28,44.69659443,45.83126935
67,72,66,71,69,75,67,72,45,22,27,44.69659443,44.83126935
68,72,67,71,69,75,67,72,45,22,27,44.69659443,44.83126935
68,73,67,71,72,77,68,73,50,18,23,45.69659443,45.83126935
69,73,68,71,74,77,70,74,50,20,24,47.69659443,46.83126935
72,77,68,71,74,77,71,74,50,21,24,48.69659443,46.83126935
74,77,68,72,74,77,72,76,50,22,26,49.69659443,48.83126935
74,77,72,77,74,79,73,77,50,23,27,50.69659443,49.83126935
74,77,72,77,74,79,73,77,50,23,27,50.69659443,49.83126935
74,77,72,76,74,79,73,77,50,23,27,50.69659443,49.83126935
72,77,72,76,74,79,72,77,50,22,27,49.69659443,49.83126935
72,76,72,76,75,79,73,77,50,23,27,50.69659443,49.83126935
74,76,72,76,75,78,73,76,50,23,26,50.69659443,48.83126935
74,76,72,76,75,78,73,76,50,23,26,50.69659443,48.83126935
74,77,72,76,75,78,73,76,50,23,26,50.69659443,48.83126935
74,77,72,76,75,78,73,77,50,23,27,50.69659443,49.83126935
74,77,72,77,76,78,73,77,50,23,27,50.69659443,49.83126935
73,77,72,77,76,78,73,77,50,23,27,50.69659443,49.83126935
73,77,72,77,76,78,73,77,50,23,27,50.69659443,49.83126935
72,77,72,76,76,78,73,77,50,23,27,50.69659443,49.83126935
73,77,72,76,76,78,73,77,50,23,27,50.69659443,49.83126935
73,77,72,76,74,78,73,76,50,23,26,50.69659443,48.83126935
74,77,72,76,75,79,73,77,50,23,27,50.69659443,49.83126935
74,77,71,76,75,79,73,77,50,23,27,50.69659443,49.83126935
74,77,71,76,75,79,73,77,50,23,27,50.69659443,49.83126935
74,77,71,76,75,79,73,77,50,23,27,50.69659443,49.83126935
74,77,71,76,75,79,73,77,50,23,27,50.69659443,49.83126935
73,77,71,76,75,79,73,77,50,23,27,50.69659443,49.83126935
73,77,72,76,75,79,73,77,50,23,27,50.69659443,49.83126935
73,77,72,76,75,80,73,77,50,23,27,50.69659443,49.83126935
73,78,72,76,73,80,72,78,50,22,28,49.69659443,50.83126935
73,78,72,77,74,80,73,78,50,23,28,50.69659443,50.83126935
73,77,72,75,74,80,73,77,50,23,27,50.69659443,49.83126935
73,78,72,75,75,80,73,77,50,23,27,50.69659443,49.83126935
74,77,72,75,75,79,73,77,50,23,27,50.69659443,49.83126935
74,77,72,75,75,79,74,77,50,24,27,51.69659443,49.83126935
75,77,72,75,75,79,74,77,50,24,27,51.69659443,49.83126935
75,77,74,75,75,79,74,77,50,24,27,51.69659443,49.83126935
74,77,73,75,75,77,74,76,50,24,26,51.69659443,48.83126935
75,77,73,75,75,79,74,76,50,24,26,51.69659443,48.83126935
75,76,73,75,76,79,74,76,50,24,26,51.69659443,48.83126935
75,76,73,75,76,79,74,76,50,24,26,51.69659443,48.83126935
75,77,73,76,76,79,74,77,50,24,27,51.69659443,49.83126935
75,78,74,76,76,79,75,77,50,25,27,52.69659443,49.83126935
75,77,72,76,76,78,74,77,50,24,27,51.69659443,49.83126935
74,78,72,76,75,78,73,77,50,23,27,50.69659443,49.83126935
72,78,71,76,75,78,72,77,50,22,27,49.69659443,49.83126935
72,77,71,76,74,78,72,77,50,22,27,49.69659443,49.83126935
72,77,71,76,73,78,72,76,50,22,26,49.69659443,48.83126935
72,77,71,76,75,78,72,76,50,22,26,49.69659443,48.83126935
73,76,71,76,75,77,73,76,50,23,26,50.69659443,48.83126935
73,76,72,76,75,77,73,76,50,23,26,50.69659443,48.83126935
73,76,72,76,75,76,73,76,50,23,26,50.69659443,48.83126935
72,76,72,76,75,76,73,76,50,23,26,50.69659443,48.83126935
72,76,72,76,74,77,72,76,50,22,26,49.69659443,48.83126935
72,76,72,76,75,77,72,76,50,22,26,49.69659443,48.83126935
73,76,72,76,75,77,73,76,50,23,26,50.69659443,48.83126935
73,76,72,76,75,78,73,76,50,23,26,50.69659443,48.83126935
73,77,72,76,75,78,73,76,50,23,26,50.69659443,48.83126935
74,77,72,76,75,78,73,77,50,23,27,50.69659443,49.83126935
73,77,72,76,74,78,73,77,50,23,27,50.69659443,49.83126935
74,78,72,77,74,79,73,77,50,23,27,50.69659443,49.83126935
73,78,72,77,74,80,73,78,50,23,28,50.69659443,50.83126935
74,78,72,77,74,80,73,78,50,23,28,50.69659443,50.83126935
73,77,72,77,74,80,73,78,50,23,28,50.69659443,50.83126935
73,77,72,76,74,80,73,77,50,23,27,50.69659443,49.83126935
73,77,72,75,74,80,73,77,50,23,27,50.69659443,49.83126935
73,76,73,75,74,77,73,76,50,23,26,50.69659443,48.83126935
73,76,73,75,77,84,74,77,55,19,22,51.69659443,49.83126935
74,76,73,75,77,84,74,78,55,19,23,51.69659443,50.83126935
74,83,73,75,77,84,75,80,55,20,25,52.69659443,52.83126935
77,83,74,76,77,84,75,81,55,20,26,52.69659443,53.83126935
77,83,74,83,77,85,76,83,55,21,28,53.69659443,55.83126935
76,83,74,83,77,85,75,83,55,20,28,52.69659443,55.83126935
76,83,74,83,77,85,75,83,55,20,28,52.69659443,55.83126935
77,83,75,83,78,85,76,83,55,21,28,53.69659443,55.83126935
76,84,75,83,78,85,76,84,55,21,29,53.69659443,56.83126935
76,84,76,83,78,85,76,83,55,21,28,53.69659443,55.83126935
77,83,76,83,79,84,77,83,55,22,28,54.69659443,55.83126935
78,83,76,83,79,84,77,83,55,22,28,54.69659443,55.83126935
76,83,76,82,79,84,77,83,55,22,28,54.69659443,55.83126935
76,83,75,82,79,84,76,83,55,21,28,53.69659443,55.83126935
78,83,75,82,79,84,77,83,55,22,28,54.69659443,55.83126935
76,84,75,82,79,84,76,83,55,21,28,53.69659443,55.83126935
76,84,75,82,79,85,76,83,55,21,28,53.69659443,55.83126935
76,84,75,84,79,85,76,84,55,21,29,53.69659443,56.83126935
76,84,75,83,79,85,76,84,55,21,29,53.69659443,56.83126935
76,84,75,83,79,85,76,84,55,21,29,53.69659443,56.83126935
77,85,75,83,79,85,76,84,55,21,29,53.69659443,56.83126935
77,84,75,83,79,85,77,84,55,22,29,54.69659443,56.83126935
77,83,75,82,79,85,77,83,55,22,28,54.69659443,55.83126935
78,84,77,82,79,85,78,83,55,23,28,55.69659443,55.83126935
77,84,77,82,79,85,77,83,55,22,28,54.69659443,55.83126935
77,84,76,82,79,86,77,84,55,22,29,54.69659443,56.83126935
77,84,75,82,78,86,76,84,55,21,29,53.69659443,56.83126935
76,84,75,84,78,86,76,84,55,21,29,53.69659443,56.83126935
76,85,75,84,77,87,76,85,55,21,30,53.69659443,57.83126935
76,85,75,83,76,87,75,85,55,20,30,52.69659443,57.83126935
76,84,75,83,76,87,75,84,55,20,29,52.69659443,56.83126935
76,83,76,83,78,87,76,84,55,21,29,53.69659443,56.83126935
76,83,76,82,81,87,77,83,55,22,28,54.69659443,55.83126935
78,83,76,82,81,83,77,82,55,22,27,54.69659443,54.83126935
78,83,76,82,81,83,78,82,55,23,27,55.69659443,54.83126935
78,83,78,82,81,85,78,83,55,23,28,55.69659443,55.83126935
78,83,75,82,81,85,78,83,55,23,28,55.69659443,55.83126935
78,83,75,83,79,85,77,83,55,22,28,54.69659443,55.83126935
78,84,75,83,79,85,77,83,55,22,28,54.69659443,55.83126935
78,84,75,83,79,85,77,83,55,22,28,54.69659443,55.83126935
77,84,75,83,79,84,77,83,55,22,28,54.69659443,55.83126935
77,84,75,83,79,86,77,84,55,22,29,54.69659443,56.83126935
77,84,75,83,78,86,76,84,55,21,29,53.69659443,56.83126935
77,84,75,83,78,86,76,84,55,21,29,53.69659443,56.83126935
77,84,75,84,79,86,76,84,55,21,29,53.69659443,56.83126935
76,85,75,84,79,86,76,85,55,21,30,53.69659443,57.83126935
77,84,75,84,79,86,77,84,55,22,29,54.69659443,56.83126935
78,84,75,82,79,86,77,84,55,22,29,54.69659443,56.83126935
78,84,75,82,79,85,77,83,55,22,28,54.69659443,55.83126935
77,83,75,82,78,85,76,83,55,21,28,53.69659443,55.83126935
77,83,76,82,78,84,77,83,55,22,28,54.69659443,55.83126935
77,82,76,82,78,84,77,82,55,22,27,54.69659443,54.83126935
77,83,75,82,78,85,76,83,55,21,28,53.69659443,55.83126935
77,82,75,82,79,85,77,83,55,22,28,54.69659443,55.83126935
77,84,75,82,79,85,77,83,55,22,28,54.69659443,55.83126935
77,83,75,82,79,85,77,83,55,22,28,54.69659443,55.83126935
77,84,74,82,79,85,76,83,55,21,28,53.69659443,55.83126935
77,84,74,82,79,85,76,83,55,21,28,53.69659443,55.83126935
77,84,74,83,78,86,76,84,55,21,29,53.69659443,56.83126935
76,84,74,81,78,86,76,83,55,21,28,53.69659443,55.83126935
76,84,74,81,78,86,75,84,55,20,29,52.69659443,56.83126935
76,84,75,81,79,86,76,83,55,21,28,53.69659443,55.83126935
78,84,76,81,79,86,77,83,55,22,28,54.69659443,55.83126935
76,84,75,81,79,84,76,82,55,21,27,53.69659443,54.83126935
77,84,75,81,79,85,77,83,55,22,28,54.69659443,55.83126935
78,84,75,81,84,89,78,84,60,18,24,55.69659443,56.83126935
78,85,75,84,84,89,79,85,60,19,25,56.69659443,57.83126935
82,87,75,84,84,89,80,86,60,20,26,57.69659443,58.83126935
82,89,77,85,85,90,82,88,60,22,28,59.69659443,60.83126935
82,89,82,87,85,90,83,88,60,23,28,60.69659443,60.83126935
82,89,82,87,85,90,82,88,60,22,28,59.69659443,60.83126935
83,89,82,87,85,90,83,89,60,23,29,60.69659443,61.83126935
83,89,80,86,85,90,83,88,60,23,28,60.69659443,60.83126935
82,87,80,86,85,90,82,87,60,22,27,59.69659443,59.83126935
83,87,80,86,85,90,82,87,60,22,27,59.69659443,59.83126935
83,87,80,86,85,90,82,87,60,22,27,59.69659443,59.83126935
83,87,80,86,84,90,82,87,60,22,27,59.69659443,59.83126935
83,87,82,86,84,90,82,87,60,22,27,59.69659443,59.83126935
83,88,80,86,84,90,82,88,60,22,28,59.69659443,60.83126935
82,88,79,86,83,89,81,87,60,21,27,58.69659443,59.83126935
82,88,79,86,83,89,81,87,60,21,27,58.69659443,59.83126935
81,88,79,86,83,89,81,87,60,21,27,58.69659443,59.83126935
81,88,79,87,84,89,81,88,60,21,28,58.69659443,60.83126935
82,88,79,87,84,88,81,87,60,21,27,58.69659443,59.83126935
82,88,81,87,84,88,82,87,60,22,27,59.69659443,59.83126935
82,88,81,87,86,90,83,88,60,23,28,60.69659443,60.83126935
82,88,82,87,86,90,83,88,60,23,28,60.69659443,60.83126935
82,88,82,87,86,90,83,88,60,23,28,60.69659443,60.83126935
82,88,81,87,86,90,82,88,60,22,28,59.69659443,60.83126935
83,88,81,87,86,90,83,88,60,23,28,60.69659443,60.83126935
82,88,81,87,83,88,82,87,60,22,27,59.69659443,59.83126935
83,88,81,87,83,88,82,87,60,22,27,59.69659443,59.83126935
83,88,81,88,83,89,82,88,60,22,28,59.69659443,60.83126935
83,88,80,88,83,89,82,88,60,22,28,59.69659443,60.83126935
83,88,80,88,83,91,82,88,60,22,28,59.69659443,60.83126935
83,88,80,87,83,91,82,88,60,22,28,59.69659443,60.83126935
82,89,80,87,83,91,81,88,60,21,28,58.69659443,60.83126935
82,88,80,87,83,91,81,88,60,21,28,58.69659443,60.83126935
82,88,81,87,83,91,82,88,60,22,28,59.69659443,60.83126935
82,88,81,87,83,89,82,87,60,22,27,59.69659443,59.83126935
83,88,81,87,84,89,82,88,60,22,28,59.69659443,60.83126935
83,88,81,87,84,89,82,88,60,22,28,59.69659443,60.83126935
83,88,81,87,84,89,82,87,60,22,27,59.69659443,59.83126935
83,88,82,87,86,89,83,87,60,23,27,60.69659443,59.83126935
83,88,82,87,86,89,83,88,60,23,28,60.69659443,60.83126935
83,88,82,86,86,89,83,87,60,23,27,60.69659443,59.83126935
83,88,82,86,86,89,83,87,60,23,27,60.69659443,59.83126935
83,88,80,86,86,89,83,87,60,23,27,60.69659443,59.83126935
82,88,80,86,85,89,82,88,60,22,28,59.69659443,60.83126935
83,88,80,86,85,89,82,87,60,22,27,59.69659443,59.83126935
83,88,80,87,85,89,82,88,60,22,28,59.69659443,60.83126935
82,88,80,87,84,89,82,87,60,22,27,59.69659443,59.83126935
82,88,82,87,84,89,82,87,60,22,27,59.69659443,59.83126935
82,87,81,86,84,88,82,87,60,22,27,59.69659443,59.83126935
82,87,81,86,84,89,82,87,60,22,27,59.69659443,59.83126935
82,88,81,86,84,89,82,87,60,22,27,59.69659443,59.83126935
82,88,81,86,84,89,82,88,60,22,28,59.69659443,60.83126935
82,89,81,86,84,89,82,88,60,22,28,59.69659443,60.83126935
83,89,81,86,84,89,82,88,60,22,28,59.69659443,60.83126935
83,88,81,86,84,89,82,87,60,22,27,59.69659443,59.83126935
83,87,81,86,83,89,82,87,60,22,27,59.69659443,59.83126935
82,87,81,86,83,89,82,87,60,22,27,59.69659443,59.83126935
82,87,80,86,83,87,82,86,60,22,26,59.69659443,58.83126935
82,87,80,86,83,87,81,86,60,21,26,58.69659443,58.83126935
82,87,80,86,84,89,82,87,60,22,27,59.69659443,59.83126935
82,87,80,86,84,89,81,87,60,21,27,58.69659443,59.83126935
82,89,80,86,84,89,82,88,60,22,28,59.69659443,60.83126935
83,89,81,86,84,89,82,88,60,22,28,59.69659443,60.83126935
83,89,81,87,84,89,82,88,60,22,28,59.69659443,60.83126935
81,88,80,87,84,89,81,88,60,21,28,58.69659443,60.83126935
83,88,80,87,86,90,82,88,65,17,23,59.69659443,60.83126935
84,88,80,87,90,92,84,89,65,19,24,61.69659443,61.83126935
86,90,80,87,90,95,84,90,65,19,25,61.69659443,62.83126935
86,92,80,88,90,95,85,91,65,20,26,62.69659443,63.83126935
87,92,86,90,90,95,87,92,65,22,27,64.69659443,64.83126935
87,94,85,92,90,95,87,93,65,22,28,64.69659443,65.83126935
87,94,85,92,88,95,86,93,65,21,28,63.69659443,65.83126935
86,94,85,92,88,94,86,93,65,21,28,63.69659443,65.83126935
88,94,85,92,88,95,87,93,65,22,28,64.69659443,65.83126935
88,94,85,92,88,95,87,93,65,22,28,64.69659443,65.83126935
88,93,86,92,88,95,87,93,65,22,28,64.69659443,65.83126935
88,93,86,92,88,95,87,93,65,22,28,64.69659443,65.83126935
88,93,86,92,88,95,87,93,65,22,28,64.69659443,65.83126935
87,93,86,92,88,95,87,93,65,22,28,64.69659443,65.83126935
87,93,86,92,90,95,87,93,65,22,28,64.69659443,65.83126935
87,93,86,92,90,95,87,93,65,22,28,64.69659443,65.83126935
87,92,85,91,90,95,87,92,65,22,27,64.69659443,64.83126935
87,93,85,91,90,95,87,92,65,22,27,64.69659443,64.83126935
87,93,85,91,90,94,87,92,65,22,27,64.69659443,64.83126935
87,93,85,91,89,94,86,92,65,21,27,63.69659443,64.83126935
86,93,85,91,89,94,86,92,65,21,27,63.69659443,64.83126935
86,93,85,93,89,94,86,93,65,21,28,63.69659443,65.83126935
87,93,85,93,89,94,86,93,65,21,28,63.69659443,65.83126935
86,93,85,93,89,95,86,93,65,21,28,63.69659443,65.83126935
86,93,85,91,87,95,85,93,65,20,28,62.69659443,65.83126935
86,93,85,91,89,95,86,93,65,21,28,63.69659443,65.83126935
86,93,85,91,89,96,86,93,65,21,28,63.69659443,65.83126935
86,94,85,91,89,96,86,93,65,21,28,63.69659443,65.83126935
86,93,85,91,90,96,87,93,65,22,28,64.69659443,65.83126935
86,94,85,92,90,96,87,93,65,22,28,64.69659443,65.83126935
86,94,85,92,90,96,86,93,65,21,28,63.69659443,65.83126935
86,93,85,92,90,94,86,93,65,21,28,63.69659443,65.83126935
87,93,86,92,90,95,87,93,65,22,28,64.69659443,65.83126935
87,93,86,93,89,95,87,93,65,22,28,64.69659443,65.83126935
87,93,86,92,89,95,87,93,65,22,28,64.69659443,65.83126935
87,93,86,92,90,97,87,94,65,22,29,64.69659443,66.83126935
87,94,87,92,90,97,88,94,65,23,29,65.69659443,66.83126935
87,94,86,92,90,97,87,94,65,22,29,64.69659443,66.83126935
87,94,86,92,90,97,87,94,65,22,29,64.69659443,66.83126935
87,94,86,91,90,97,87,93,65,22,28,64.69659443,65.83126935
87,93,86,91,89,94,87,93,65,22,28,64.69659443,65.83126935
87,93,86,91,89,94,87,92,65,22,27,64.69659443,64.83126935
87,93,87,91,89,94,87,92,65,22,27,64.69659443,64.83126935
87,93,87,91,89,94,87,93,65,22,28,64.69659443,65.83126935
87,94,87,93,87,94,87,93,65,22,28,64.69659443,65.83126935
87,94,87,93,88,95,87,94,65,22,29,64.69659443,66.83126935
87,94,87,92,88,95,87,93,65,22,28,64.69659443,65.83126935
88,94,87,92,88,95,87,93,65,22,28,64.69659443,65.83126935
88,94,87,92,88,95,87,93,65,22,28,64.69659443,65.83126935
88,94,88,92,88,95,88,93,65,23,28,65.69659443,65.83126935
88,93,84,92,88,94,87,93,65,22,28,64.69659443,65.83126935
88,93,84,92,88,94,87,93,65,22,28,64.69659443,65.83126935
87,93,84,92,88,94,86,93,65,21,28,63.69659443,65.83126935
87,93,84,92,88,94,86,92,65,21,27,63.69659443,64.83126935
85,92,84,92,87,93,85,92,65,20,27,62.69659443,64.83126935
85,92,84,92,87,93,85,92,65,20,27,62.69659443,64.83126935
85,93,84,92,87,93,85,92,65,20,27,62.69659443,64.83126935
87,93,84,92,87,93,86,92,65,21,27,63.69659443,64.83126935
87,93,84,92,87,93,86,92,65,21,27,63.69659443,64.83126935
87,93,84,92,88,94,86,93,65,21,28,63.69659443,65.83126935
87,93,86,92,88,94,87,93,65,22,28,64.69659443,65.83126935
87,94,86,92,88,94,87,93,65,22,28,64.69659443,65.83126935
87,94,85,93,88,95,86,94,65,21,29,63.69659443,66.83126935
87,94,85,94,88,95,86,94,65,21,29,63.69659443,66.83126935
87,94,85,93,87,95,86,94,65,21,29,63.69659443,66.83126935
