{
    "_allocate_inputs": 4,
    "_allocate_outputs": 4,
    "cli_parameters": "generate --model 231007_1358_2kPa_160_Data_B8_quant_float32_float32_random_1.tflite --name network --workspace /tmp/rootDir-9db796a2-c8cb-4cea-be46-92548135593a/STM32F746G-DISCO/.ai --output /tmp/rootDir-9db796a2-c8cb-4cea-be46-92548135593a/STM32F746G-DISCO/.ai/output --allocate-inputs --allocate-outputs --compression none --optimization balanced",
    "cli_version": {
        "major": 1,
        "micro": 0,
        "minor": 7
    },
    "cli_version_str": "1.7.0",
    "code_size": 0,
    "compression": {
        "factor": null,
        "layers": {}
    },
    "date_time": "Fri Oct 20 08:54:15 2023",
    "error": 0,
    "error_str": [],
    "exec_cmd": "generate",
    "exec_duration": 0.0,
    "hash": "055dc8c108e6584719d433c80c97d4d1",
    "inputs": [
        "serving_default_dense_5_input0"
    ],
    "layers": [
        {
            "c_id": [
                0
            ],
            "extras": {
                "n_macc": 0,
                "n_params": 0,
                "psize": 0,
                "rom_output": {
                    "c_size": 144,
                    "fmt": {
                        "format": "float"
                    },
                    "shape": [
                        36,
                        1
                    ]
                },
                "rom_size": 0
            },
            "id": 0,
            "inputs": [],
            "name": "serving_default_dense_5_input0",
            "original": "",
            "type": "Input"
        },
        {
            "c_id": [],
            "extras": {
                "n_macc": 72,
                "n_params": 0,
                "psize": 0,
                "rom_output": {
                    "c_size": 36,
                    "fmt": {
                        "format": "int8_t"
                    },
                    "shape": [
                        36,
                        1
                    ]
                },
                "rom_size": 0
            },
            "id": 0,
            "inputs": [
                "serving_default_dense_5_input0"
            ],
            "name": "conversion_0",
            "original": "QUANTIZE",
            "type": "Conversion"
        },
        {
            "c_id": [
                1
            ],
            "extras": {
                "n_macc": 0,
                "n_params": 18432,
                "psize": 18432,
                "rom_size": 20480
            },
            "id": 1,
            "inputs": [],
            "name": "sequential_1_dense_5_MatMul",
            "original": "",
            "type": "Placeholder"
        },
        {
            "c_id": [],
            "extras": {
                "n_macc": 0,
                "n_params": 512,
                "psize": 2048,
                "rom_size": 0
            },
            "id": 1,
            "inputs": [],
            "name": "sequential_1_dense_5_BiasAdd_ReadVariableOp",
            "original": "",
            "type": "Placeholder"
        },
        {
            "c_id": [],
            "extras": {
                "n_macc": 18944,
                "n_params": 0,
                "psize": 0,
                "rom_output": {
                    "c_size": 512,
                    "fmt": {
                        "format": "int8_t"
                    },
                    "shape": [
                        512,
                        1
                    ]
                },
                "rom_size": 0
            },
            "id": 1,
            "inputs": [
                "conversion_0",
                "sequential_1_dense_5_MatMul",
                "sequential_1_dense_5_BiasAdd_ReadVariableOp"
            ],
            "name": "gemm_1",
            "original": "FULLY_CONNECTED",
            "type": "Gemm"
        },
        {
            "c_id": [],
            "extras": {
                "n_macc": 512,
                "n_params": 0,
                "psize": 0,
                "rom_size": 0
            },
            "id": 1,
            "inputs": [
                "gemm_1"
            ],
            "name": "nl_1_nl",
            "original": "FULLY_CONNECTED",
            "type": "Nonlinearity"
        },
        {
            "c_id": [
                2
            ],
            "extras": {
                "n_macc": 0,
                "n_params": 65536,
                "psize": 65536,
                "rom_size": 66048
            },
            "id": 2,
            "inputs": [],
            "name": "sequential_1_dense_6_MatMul",
            "original": "",
            "type": "Placeholder"
        },
        {
            "c_id": [],
            "extras": {
                "n_macc": 0,
                "n_params": 128,
                "psize": 512,
                "rom_size": 0
            },
            "id": 2,
            "inputs": [],
            "name": "sequential_1_dense_6_BiasAdd_ReadVariableOp",
            "original": "",
            "type": "Placeholder"
        },
        {
            "c_id": [],
            "extras": {
                "n_macc": 65664,
                "n_params": 0,
                "psize": 0,
                "rom_output": {
                    "c_size": 128,
                    "fmt": {
                        "format": "int8_t"
                    },
                    "shape": [
                        128,
                        1
                    ]
                },
                "rom_size": 0
            },
            "id": 2,
            "inputs": [
                "nl_1_nl",
                "sequential_1_dense_6_MatMul",
                "sequential_1_dense_6_BiasAdd_ReadVariableOp"
            ],
            "name": "gemm_2",
            "original": "FULLY_CONNECTED",
            "type": "Gemm"
        },
        {
            "c_id": [],
            "extras": {
                "n_macc": 128,
                "n_params": 0,
                "psize": 0,
                "rom_size": 0
            },
            "id": 2,
            "inputs": [
                "gemm_2"
            ],
            "name": "nl_2_nl",
            "original": "FULLY_CONNECTED",
            "type": "Nonlinearity"
        },
        {
            "c_id": [
                3
            ],
            "extras": {
                "n_macc": 0,
                "n_params": 8192,
                "psize": 8192,
                "rom_size": 8448
            },
            "id": 3,
            "inputs": [],
            "name": "sequential_1_dense_7_MatMul",
            "original": "",
            "type": "Placeholder"
        },
        {
            "c_id": [],
            "extras": {
                "n_macc": 0,
                "n_params": 64,
                "psize": 256,
                "rom_size": 0
            },
            "id": 3,
            "inputs": [],
            "name": "sequential_1_dense_7_BiasAdd_ReadVariableOp",
            "original": "",
            "type": "Placeholder"
        },
        {
            "c_id": [],
            "extras": {
                "n_macc": 8256,
                "n_params": 0,
                "psize": 0,
                "rom_output": {
                    "c_size": 64,
                    "fmt": {
                        "format": "int8_t"
                    },
                    "shape": [
                        64,
                        1
                    ]
                },
                "rom_size": 0
            },
            "id": 3,
            "inputs": [
                "nl_2_nl",
                "sequential_1_dense_7_MatMul",
                "sequential_1_dense_7_BiasAdd_ReadVariableOp"
            ],
            "name": "gemm_3",
            "original": "FULLY_CONNECTED",
            "type": "Gemm"
        },
        {
            "c_id": [],
            "extras": {
                "n_macc": 64,
                "n_params": 0,
                "psize": 0,
                "rom_size": 0
            },
            "id": 3,
            "inputs": [
                "gemm_3"
            ],
            "name": "nl_3_nl",
            "original": "FULLY_CONNECTED",
            "type": "Nonlinearity"
        },
        {
            "c_id": [
                4
            ],
            "extras": {
                "n_macc": 0,
                "n_params": 4096,
                "psize": 4096,
                "rom_size": 4352
            },
            "id": 4,
            "inputs": [],
            "name": "sequential_1_dense_8_MatMul",
            "original": "",
            "type": "Placeholder"
        },
        {
            "c_id": [],
            "extras": {
                "n_macc": 0,
                "n_params": 64,
                "psize": 256,
                "rom_size": 0
            },
            "id": 4,
            "inputs": [],
            "name": "sequential_1_dense_8_BiasAdd_ReadVariableOp",
            "original": "",
            "type": "Placeholder"
        },
        {
            "c_id": [],
            "extras": {
                "n_macc": 4160,
                "n_params": 0,
                "psize": 0,
                "rom_output": {
                    "c_size": 64,
                    "fmt": {
                        "format": "int8_t"
                    },
                    "shape": [
                        64,
                        1
                    ]
                },
                "rom_size": 0
            },
            "id": 4,
            "inputs": [
                "nl_3_nl",
                "sequential_1_dense_8_MatMul",
                "sequential_1_dense_8_BiasAdd_ReadVariableOp"
            ],
            "name": "gemm_4",
            "original": "FULLY_CONNECTED",
            "type": "Gemm"
        },
        {
            "c_id": [],
            "extras": {
                "n_macc": 64,
                "n_params": 0,
                "psize": 0,
                "rom_size": 0
            },
            "id": 4,
            "inputs": [
                "gemm_4"
            ],
            "name": "nl_4_nl",
            "original": "FULLY_CONNECTED",
            "type": "Nonlinearity"
        },
        {
            "c_id": [
                5
            ],
            "extras": {
                "n_macc": 0,
                "n_params": 256,
                "psize": 256,
                "rom_size": 272
            },
            "id": 5,
            "inputs": [],
            "name": "sequential_1_dense_9_MatMul",
            "original": "",
            "type": "Placeholder"
        },
        {
            "c_id": [],
            "extras": {
                "n_macc": 0,
                "n_params": 4,
                "psize": 16,
                "rom_size": 0
            },
            "id": 5,
            "inputs": [],
            "name": "sequential_1_dense_9_BiasAdd_ReadVariableOp",
            "original": "",
            "type": "Placeholder"
        },
        {
            "c_id": [],
            "extras": {
                "n_macc": 260,
                "n_params": 0,
                "psize": 0,
                "rom_output": {
                    "c_size": 4,
                    "fmt": {
                        "format": "int8_t"
                    },
                    "shape": [
                        4,
                        1
                    ]
                },
                "rom_size": 0
            },
            "id": 5,
            "inputs": [
                "nl_4_nl",
                "sequential_1_dense_9_MatMul",
                "sequential_1_dense_9_BiasAdd_ReadVariableOp"
            ],
            "name": "gemm_5",
            "original": "FULLY_CONNECTED",
            "type": "Gemm"
        },
        {
            "c_id": [
                6
            ],
            "extras": {
                "n_macc": 8,
                "n_params": 0,
                "psize": 0,
                "rom_output": {
                    "c_size": 16,
                    "fmt": {
                        "format": "float"
                    },
                    "shape": [
                        4,
                        1
                    ]
                },
                "rom_size": 0
            },
            "id": 6,
            "inputs": [
                "gemm_5"
            ],
            "name": "conversion_6",
            "original": "DEQUANTIZE",
            "type": "Conversion"
        }
    ],
    "model_files": [
        "/tmp/rootDir-9db796a2-c8cb-4cea-be46-92548135593a/STM32F746G-DISCO/231007_1358_2kPa_160_Data_B8_quant_float32_float32_random_1.tflite"
    ],
    "model_n_params": 97284,
    "model_name": "node_231007_1358_2kPa_160_Data_B8_quant_float32_float32_random_1",
    "model_size": 99600,
    "model_type": "tflite",
    "name": "network",
    "outputs": [
        "conversion_6"
    ],
    "ram_io_size": [
        144,
        16
    ],
    "ram_size": [
        1664,
        1664
    ],
    "report_version": 1.1,
    "rom_cfact": 1.0,
    "rom_heap_inspector": 2048,
    "rom_inputs": [
        {
            "c_size": 144,
            "c_type": "float",
            "name": "serving_default_dense_5_input0"
        }
    ],
    "rom_n_macc": 97364,
    "rom_outputs": [
        {
            "c_size": 16,
            "c_type": "float",
            "name": "conversion_6"
        }
    ],
    "rom_size": 99600,
    "strategy": "heap_overlay",
    "tools_api_version": {
        "major": 1,
        "micro": 0,
        "minor": 7
    },
    "tools_version": {
        "extra": "19520",
        "major": 8,
        "micro": 0,
        "minor": 1
    },
    "val_error": -1.0,
    "val_error_desc": "None (None) #-1",
    "val_metrics": []
}